coordinate_id,family,reaction,phase,T_K,grade,classical_tst_rate,tunneling_factor,transmission_coefficient,combined_native_correction,corrected_predicted_rate,observed_rate,baseline_ln_pred_obs,corrected_ln_pred_obs,abs_baseline_ln_error,abs_corrected_ln_error,required_log_correction,native_log_correction,improved,barrier_value,barrier_unit,notes
BR-GAS-HT-001-T300.0,FAM-GAS-H-ABSTRACTION-METHANE,H + CH4 -> H2 + CH3,gas,300.0,A,1.2318840579710146e-20,13.8,1.0,13.8,1.7e-19,3.1e-19,-3.2254424525920893,-0.60077386042893,3.2254424525920893,0.60077386042893,3.2254424525920893,2.624668592163159,True,63.21,kJ/mol,First tunneling-aware post-freeze coordinate. kappa_tun is typed separately from kappa_dyn; no recrossing coefficient is inferred. The 1 bar ideal-gas standard state is an atlas normalization convention and does not alter the raw k2 ratio.
BR-GAS-HT-002-T300.0,FAM-GAS-H-ABSTRACTION-ETHANE,H + C2H6 -> H2 + C2H5,gas,300.0,A,4.666666666666667e-18,15.0,1.0,15.0,7e-17,1.949556438712335e-17,-1.429741931420928,1.2783082696812818,1.429741931420928,1.2783082696812818,1.429741931420928,2.70805020110221,True,50.03,kJ/mol,"The independent NIST primary-experiment expression gives k(300 K) = 1.94955643871e-17 cm^3 molecule^-1 s^-1 with uncertainty factor 5. The instanton prediction is high by a factor of about 3.59, which remains visible and lies within that broad reported experimental uncertainty. The cited Baulch and Sivaramakrishnan values remain linked comparators and were not used to choose the closure target."
BR-GAS-HT-003-T200.0,FAM-GAS-H2-OH-ABSTRACTION,H2 + OH -> H2O + H,gas,200.0,A,3.25e-17,23.26153846153846,1.0,23.26153846153846,7.56e-16,4.375804333646907e-16,-2.600020447254783,0.546780839589058,2.600020447254783,0.546780839589058,2.600020447254783,3.146801286843841,True,24.76,kJ/mol,The primary physical model was fixed as the internally matched NN1 barrier + NN1 HTST + NN1 instanton route. The higher-level on-the-fly instanton rate is retained as a comparison replicate and is not mixed with the NN1 HTST denominator. No recrossing coefficient is inferred.
BR-XPH-PT-001-T150.0,FAM-PORPHYCENE-DOUBLE-PROTON-TRANSFER,Porphycene trans <-> trans double proton transfer,cross_phase_gas_model_solution_experiment,150.0,B,3128571428.571429,70.0,1.0,70.0,219000000000.0,162000000000.0,-3.9470198474652425,0.30147539458411676,3.9470198474652425,0.30147539458411676,3.947019847465242,4.248495242049359,True,0.107,eV,Admitted as a cross-phase multichannel proton-transfer closure. The 0.107 eV scale is not used to claim a one-barrier B+P+Q decomposition.
BR-XPH-PT-001-T100.0,FAM-PORPHYCENE-DOUBLE-PROTON-TRANSFER,Porphycene trans <-> trans double proton transfer,cross_phase_gas_model_solution_experiment,100.0,B,55506607.92951542,1135.0,1.0,1135.0,63000000000.0,109000000000.0,-7.582601085753114,-0.5482131558376111,7.582601085753114,0.5482131558376111,7.582601085753114,7.034387929915503,True,0.107,eV,Admitted as a cross-phase multichannel proton-transfer closure. The 0.107 eV scale is not used to claim a one-barrier B+P+Q decomposition.
BR-ENZ-HYD-001-HH-T298.0,FAM-MORPHINONE-REDUCTASE-HYDRIDE-TRANSFER,morphinone reductase hydride transfer from NADH / protiated active-site system to FMN N5,enzyme_active_site,298.0,B,6.0399159663865545,23.8,0.48,11.424,69.0,55.8,-2.2233837703872346,0.21233263520999412,2.2233837703872346,0.21233263520999412,2.2233837703872346,2.4357164055972285,True,16.4,kcal/mol,"Grade B because theory and experiment are reported in the same study and the effective activation free energy is correction-derived. The quasiclassical barrier, recrossing coefficient, tunneling coefficient, and rate remain separately typed."
BR-ENZ-HYD-001-DH-T298.0,FAM-MORPHINONE-REDUCTASE-HYDRIDE-TRANSFER,morphinone reductase hydride transfer from [4-2H]-NADH / protiated active-site system to FMN N5,enzyme_active_site,298.0,B,1.8556005398110658,11.4,0.52,5.928000000000001,11.0,7.92,-1.45118282102175,0.32850406697203605,1.45118282102175,0.32850406697203605,1.45118282102175,1.779686887993786,True,17.1,kcal/mol,"Grade B because theory and experiment are reported in the same study and the effective activation free energy is correction-derived. The quasiclassical barrier, recrossing coefficient, tunneling coefficient, and rate remain separately typed."
BR-ENZ-HYD-001-HD-T298.0,FAM-MORPHINONE-REDUCTASE-HYDRIDE-TRANSFER,morphinone reductase hydride transfer from NADH / secondary-deuterated active-site system to FMN N5,enzyme_active_site,298.0,B,5.74712643678161,17.4,0.51,8.873999999999999,51.0,43.6,-2.0263571705873806,0.15676848236933713,2.0263571705873806,0.15676848236933713,2.0263571705873806,2.1831256529567176,True,16.5,kcal/mol,"Grade B because theory and experiment are reported in the same study and the effective activation free energy is correction-derived. The quasiclassical barrier, recrossing coefficient, tunneling coefficient, and rate remain separately typed."
BR-ENZ-HYD-001-DD-T298.0,FAM-MORPHINONE-REDUCTASE-HYDRIDE-TRANSFER,morphinone reductase hydride transfer from [4-2H]-NADH / secondary-deuterated active-site system to FMN N5,enzyme_active_site,298.0,B,1.6913319238900637,9.9,0.43,4.257,7.2,6.43,-1.3354581990735335,0.11310648777248167,1.3354581990735335,0.11310648777248167,1.3354581990735335,1.4485646868460151,True,17.2,kcal/mol,"Grade B because theory and experiment are reported in the same study and the effective activation free energy is correction-derived. The quasiclassical barrier, recrossing coefficient, tunneling coefficient, and rate remain separately typed."
